ID,Type,SKU,Name,Published,"Is featured?","Visibility in catalog","Short description",Description,"Date sale price starts","Date sale price ends","Tax status","Tax class","In stock?",Stock,"Low stock amount","Backorders allowed?","Sold individually?","Weight (kg)","Length (cm)","Width (cm)","Height (cm)","Allow customer reviews?","Purchase note","Sale price","Regular price",Categories,Tags,"Shipping class",Images,"Download limit","Download expiry days",Parent,"Grouped products",Upsells,Cross-sells,"External URL","Button text",Position,"Meta: _wp_page_template","Meta: rs_page_bg_color","Attribute 1 name","Attribute 1 value(s)","Attribute 1 visible","Attribute 1 global","Attribute 2 name","Attribute 2 value(s)","Attribute 2 visible","Attribute 2 global","Attribute 3 name","Attribute 3 value(s)","Attribute 3 visible","Attribute 3 global"
2152,simple,"REF. LA-2152","DJI Air 2S - Fly More Combo",1,0,visible,"<p>In elit risus, volutpat sed vestibulum sit amet, bibendum in lorem. Etiam aliquet convallis nibh at tempus.</p><p>Proin gravida tincidunt egestas. Curabitur porta nibh ac enim semper, vitae pretium ante sollicitudin.</p>","<div class=""product_desc-row"">\n<div class=""product_desc-img""><img loading=""lazy"" src=""https://omens.la-studioweb.com/wp-content/uploads/2021/09/shop-single-1.jpg"" alt="""" width=""600"" height=""612"" class=""alignnone size-full wp-image-4782""></div>\n<div class=""product_desc-desc"">\n<h4>Made with love</h4>\n<p>Vestibulum ante ipsum primis in faucibus orci luctus et ultrices posuere cubilia curae; Vivamus fringilla dui leo, nec convallis metusDonec accumsan auctor iaculis. Sed suscipit arcu ligula, at egestas magna molesti<br>\n<a href=""#"" class=""button"">Learn more</a>\n</p></div>\n</div>",,,taxable,,1,,,0,0,,,,,1,,588.42,998.42,"Drone &amp; UAV",,,https://omens.la-studioweb.com/wp-content/uploads/2021/09/m18-prod-6.jpg,,,,,,,,,16,default,,,,,,,,,,,,,
2154,simple,"REF. LA-2154","DJI RoboMaster S1 Educational Robot",1,0,visible,"In elit risus, volutpat sed vestibulum sit amet, bibendum in lorem. Etiam aliquet convallis nibh at tempus. Proin gravida tincidunt egestas. Curabitur porta nibh ac enim semper, vitae pretium ante sollicitudin.","<div class=""product_desc-row"">\n<div class=""product_desc-img""><img class=""alignnone wp-image-5098 size-full"" src=""https://omens.la-studioweb.com/wp-content/uploads/2021/11/shop-single-3.jpg"" alt="""" width=""563"" height=""560"" /></div>\n<div class=""product_desc-desc"">\n<h4>Made with love</h4>\nVestibulum ante ipsum primis in faucibus orci luctus et ultrices posuere cubilia curae; Vivamus fringilla dui leo, nec convallis metusDonec accumsan auctor iaculis. Sed suscipit arcu ligula, at egestas magna molesti\n</div>\n</div>",,,taxable,,1,,,0,0,,,,,1,,,588.42,"Drone &amp; UAV",,,https://omens.la-studioweb.com/wp-content/uploads/2021/09/m18-prod-5.jpg,,,,,,,,,21,default,,,,,,,,,,,,,
2156,simple,"REF. LA-2156","DJI Mavic 2 Zoom Quadcopter (DJI Refurbished)",1,0,visible,"<p>In elit risus, volutpat sed vestibulum sit amet, bibendum in lorem. Etiam aliquet convallis nibh at tempus.</p><p>Proin gravida tincidunt egestas. Curabitur porta nibh ac enim semper, vitae pretium ante sollicitudin.</p>","<div class=""product_desc-row"">\n<div class=""product_desc-img""><img loading=""lazy"" src=""https://omens.la-studioweb.com/wp-content/uploads/2021/09/shop-single-1.jpg"" alt="""" width=""600"" height=""612"" class=""alignnone size-full wp-image-4782""></div>\n<div class=""product_desc-desc"">\n<h4>Made with love</h4>\n<p>Vestibulum ante ipsum primis in faucibus orci luctus et ultrices posuere cubilia curae; Vivamus fringilla dui leo, nec convallis metusDonec accumsan auctor iaculis. Sed suscipit arcu ligula, at egestas magna molesti<br>\n<a href=""#"" class=""button"">Learn more</a>\n</p></div>\n</div>",,,taxable,,1,,,0,0,,,,,1,,,588.42,"Drone &amp; UAV",,,https://omens.la-studioweb.com/wp-content/uploads/2021/09/m18-prod-4.jpg,,,,,,,,,17,default,,,,,,,,,,,,,
2158,simple,"REF. LA-2158","DJI Mavic 2 Zoom Quadcopter (DJI Refurbished)",1,0,visible,"In elit risus, volutpat sed vestibulum sit amet, bibendum in lorem. Etiam aliquet convallis nibh at tempus. Proin gravida tincidunt egestas. Curabitur porta nibh ac enim semper, vitae pretium ante sollicitudin.","<div class=""product_desc-row"">\n<div class=""product_desc-img""><img class=""alignnone wp-image-5098 size-full"" src=""https://omens.la-studioweb.com/wp-content/uploads/2021/11/shop-single-3.jpg"" alt="""" width=""563"" height=""560"" /></div>\n<div class=""product_desc-desc"">\n<h4>Made with love</h4>\nVestibulum ante ipsum primis in faucibus orci luctus et ultrices posuere cubilia curae; Vivamus fringilla dui leo, nec convallis metusDonec accumsan auctor iaculis. Sed suscipit arcu ligula, at egestas magna molesti\n</div>\n</div>",,,taxable,,1,,,0,0,,,,,1,,,588.42,"Drone &amp; UAV",,,https://omens.la-studioweb.com/wp-content/uploads/2021/09/m18-prod-3.jpg,,,,,,,,,18,default,,,,,,,,,,,,,
2160,simple,"REF. LA-2160","DJI Mavic 2 Zoom Quadcopter (DJI Refurbished)",1,0,visible,"<p>In elit risus, volutpat sed vestibulum sit amet, bibendum in lorem. Etiam aliquet convallis nibh at tempus.</p><p>Proin gravida tincidunt egestas. Curabitur porta nibh ac enim semper, vitae pretium ante sollicitudin.</p>","<div class=""product_desc-row"">\n<div class=""product_desc-img""><img loading=""lazy"" src=""https://omens.la-studioweb.com/wp-content/uploads/2021/09/shop-single-1.jpg"" alt="""" width=""600"" height=""612"" class=""alignnone size-full wp-image-4782""></div>\n<div class=""product_desc-desc"">\n<h4>Made with love</h4>\n<p>Vestibulum ante ipsum primis in faucibus orci luctus et ultrices posuere cubilia curae; Vivamus fringilla dui leo, nec convallis metusDonec accumsan auctor iaculis. Sed suscipit arcu ligula, at egestas magna molesti<br>\n<a href=""#"" class=""button"">Learn more</a>\n</p></div>\n</div>",,,taxable,,1,,,0,0,,,,,1,,,588.42,"Drone &amp; UAV",,,https://omens.la-studioweb.com/wp-content/uploads/2021/09/m18-prod-2.jpg,,,,,,,,,19,default,,,,,,,,,,,,,
2162,simple,"REF. LA-2162","DJI Mavic 2 Zoom Quadcopter (DJI Refurbished)",1,0,visible,"In elit risus, volutpat sed vestibulum sit amet, bibendum in lorem. Etiam aliquet convallis nibh at tempus. Proin gravida tincidunt egestas. Curabitur porta nibh ac enim semper, vitae pretium ante sollicitudin.","<div class=""product_desc-row"">\n<div class=""product_desc-img""><img class=""alignnone wp-image-5098 size-full"" src=""https://omens.la-studioweb.com/wp-content/uploads/2021/11/shop-single-3.jpg"" alt="""" width=""563"" height=""560"" /></div>\n<div class=""product_desc-desc"">\n<h4>Made with love</h4>\nVestibulum ante ipsum primis in faucibus orci luctus et ultrices posuere cubilia curae; Vivamus fringilla dui leo, nec convallis metusDonec accumsan auctor iaculis. Sed suscipit arcu ligula, at egestas magna molesti\n</div>\n</div>",,,taxable,,1,,,0,0,,,,,1,,,588.42,"Drone &amp; UAV",,,https://omens.la-studioweb.com/wp-content/uploads/2021/09/m18-prod-1.jpg,,,,,,,,,20,default,,,,,,,,,,,,,
2916,simple,"REF. LA-2916","Nulla sit amet laoreet sapien, nec tempor sapien.",1,0,visible,"<p>In elit risus, volutpat sed vestibulum sit amet, bibendum in lorem. Etiam aliquet convallis nibh at tempus.</p><p>Proin gravida tincidunt egestas. Curabitur porta nibh ac enim semper, vitae pretium ante sollicitudin.</p>","<div class=""product_desc-row"">\n<div class=""product_desc-img""><img loading=""lazy"" src=""https://omens.la-studioweb.com/wp-content/uploads/2021/09/shop-single-1.jpg"" alt="""" width=""600"" height=""612"" class=""alignnone size-full wp-image-4782""></div>\n<div class=""product_desc-desc"">\n<h4>Made with love</h4>\n<p>Vestibulum ante ipsum primis in faucibus orci luctus et ultrices posuere cubilia curae; Vivamus fringilla dui leo, nec convallis metusDonec accumsan auctor iaculis. Sed suscipit arcu ligula, at egestas magna molesti<br>\n<a href=""#"" class=""button"">Learn more</a>\n</p></div>\n</div>",,,taxable,,1,,,0,0,,,,,1,,,29.99,"Courses > Free Courses",,,https://omens.la-studioweb.com/wp-content/uploads/2021/09/m24-product-16.jpg,,,,,,,,,40,default,,,,,,,,,,,,,
2918,simple,"REF. LA-2918","Duis tristique dolor eget lobortis semper",1,0,visible,"In elit risus, volutpat sed vestibulum sit amet, bibendum in lorem. Etiam aliquet convallis nibh at tempus. Proin gravida tincidunt egestas. Curabitur porta nibh ac enim semper, vitae pretium ante sollicitudin.","<div class=""product_desc-row"">\n<div class=""product_desc-img""><img class=""alignnone wp-image-5098 size-full"" src=""https://omens.la-studioweb.com/wp-content/uploads/2021/11/shop-single-3.jpg"" alt="""" width=""563"" height=""560"" /></div>\n<div class=""product_desc-desc"">\n<h4>Made with love</h4>\nVestibulum ante ipsum primis in faucibus orci luctus et ultrices posuere cubilia curae; Vivamus fringilla dui leo, nec convallis metusDonec accumsan auctor iaculis. Sed suscipit arcu ligula, at egestas magna molesti\n</div>\n</div>",,,taxable,,1,,,0,0,,,,,1,,,29.99,"Courses > Free Courses",,,https://omens.la-studioweb.com/wp-content/uploads/2021/09/m24-product-15.jpg,,,,,,,,,22,default,,,,,,,,,,,,,
2920,simple,"REF. LA-2920","Vivamus dignissim sagittis urna. In dignissim",1,0,visible,"<p>In elit risus, volutpat sed vestibulum sit amet, bibendum in lorem. Etiam aliquet convallis nibh at tempus.</p><p>Proin gravida tincidunt egestas. Curabitur porta nibh ac enim semper, vitae pretium ante sollicitudin.</p>","<div class=""product_desc-row"">\n<div class=""product_desc-img""><img loading=""lazy"" src=""https://omens.la-studioweb.com/wp-content/uploads/2021/09/shop-single-1.jpg"" alt="""" width=""600"" height=""612"" class=""alignnone size-full wp-image-4782""></div>\n<div class=""product_desc-desc"">\n<h4>Made with love</h4>\n<p>Vestibulum ante ipsum primis in faucibus orci luctus et ultrices posuere cubilia curae; Vivamus fringilla dui leo, nec convallis metusDonec accumsan auctor iaculis. Sed suscipit arcu ligula, at egestas magna molesti<br>\n<a href=""#"" class=""button"">Learn more</a>\n</p></div>\n</div>",,,taxable,,1,,,0,0,,,,,1,,,29.99,"Courses > Free Courses",,,https://omens.la-studioweb.com/wp-content/uploads/2021/09/m24-product-14.jpg,,,,,,,,,49,default,,,,,,,,,,,,,
2922,simple,"REF. LA-2922","Facilisis ligula laoreet luctus. Nulla ultricies aliquam",1,0,visible,"In elit risus, volutpat sed vestibulum sit amet, bibendum in lorem. Etiam aliquet convallis nibh at tempus. Proin gravida tincidunt egestas. Curabitur porta nibh ac enim semper, vitae pretium ante sollicitudin.","<div class=""product_desc-row"">\n<div class=""product_desc-img""><img class=""alignnone wp-image-5098 size-full"" src=""https://omens.la-studioweb.com/wp-content/uploads/2021/11/shop-single-3.jpg"" alt="""" width=""563"" height=""560"" /></div>\n<div class=""product_desc-desc"">\n<h4>Made with love</h4>\nVestibulum ante ipsum primis in faucibus orci luctus et ultrices posuere cubilia curae; Vivamus fringilla dui leo, nec convallis metusDonec accumsan auctor iaculis. Sed suscipit arcu ligula, at egestas magna molesti\n</div>\n</div>",,,taxable,,1,,,0,0,,,,,1,,,29.99,"Courses > Free Courses",,,https://omens.la-studioweb.com/wp-content/uploads/2021/09/m24-product-13.jpg,,,,,,,,,23,default,,,,,,,,,,,,,
2924,simple,"REF. LA-2924","Vivamus dignissim sagittis urna. In dignissim",1,0,visible,"<p>In elit risus, volutpat sed vestibulum sit amet, bibendum in lorem. Etiam aliquet convallis nibh at tempus.</p><p>Proin gravida tincidunt egestas. Curabitur porta nibh ac enim semper, vitae pretium ante sollicitudin.</p>","<div class=""product_desc-row"">\n<div class=""product_desc-img""><img loading=""lazy"" src=""https://omens.la-studioweb.com/wp-content/uploads/2021/09/shop-single-1.jpg"" alt="""" width=""600"" height=""612"" class=""alignnone size-full wp-image-4782""></div>\n<div class=""product_desc-desc"">\n<h4>Made with love</h4>\n<p>Vestibulum ante ipsum primis in faucibus orci luctus et ultrices posuere cubilia curae; Vivamus fringilla dui leo, nec convallis metusDonec accumsan auctor iaculis. Sed suscipit arcu ligula, at egestas magna molesti<br>\n<a href=""#"" class=""button"">Learn more</a>\n</p></div>\n</div>",,,taxable,,1,,,0,0,,,,,1,,,29.99,"Courses > Trending Courses",,,https://omens.la-studioweb.com/wp-content/uploads/2021/09/m24-product-12.jpg,,,,,,,,,50,default,,,,,,,,,,,,,
2926,simple,"REF. LA-2926","Facilisis ligula laoreet luctus. Nulla ultricies aliquam",1,0,visible,"In elit risus, volutpat sed vestibulum sit amet, bibendum in lorem. Etiam aliquet convallis nibh at tempus. Proin gravida tincidunt egestas. Curabitur porta nibh ac enim semper, vitae pretium ante sollicitudin.","<div class=""product_desc-row"">\n<div class=""product_desc-img""><img class=""alignnone wp-image-5098 size-full"" src=""https://omens.la-studioweb.com/wp-content/uploads/2021/11/shop-single-3.jpg"" alt="""" width=""563"" height=""560"" /></div>\n<div class=""product_desc-desc"">\n<h4>Made with love</h4>\nVestibulum ante ipsum primis in faucibus orci luctus et ultrices posuere cubilia curae; Vivamus fringilla dui leo, nec convallis metusDonec accumsan auctor iaculis. Sed suscipit arcu ligula, at egestas magna molesti\n</div>\n</div>",,,taxable,,1,,,0,0,,,,,1,,,29.99,"Courses > Trending Courses",,,https://omens.la-studioweb.com/wp-content/uploads/2021/09/m24-product-11.jpg,,,,,,,,,24,default,,,,,,,,,,,,,
2928,simple,"REF. LA-2928","Interdum facilisis ligula laoreet luctus.",1,0,visible,"<p>In elit risus, volutpat sed vestibulum sit amet, bibendum in lorem. Etiam aliquet convallis nibh at tempus.</p><p>Proin gravida tincidunt egestas. Curabitur porta nibh ac enim semper, vitae pretium ante sollicitudin.</p>","<div class=""product_desc-row"">\n<div class=""product_desc-img""><img loading=""lazy"" src=""https://omens.la-studioweb.com/wp-content/uploads/2021/09/shop-single-1.jpg"" alt="""" width=""600"" height=""612"" class=""alignnone size-full wp-image-4782""></div>\n<div class=""product_desc-desc"">\n<h4>Made with love</h4>\n<p>Vestibulum ante ipsum primis in faucibus orci luctus et ultrices posuere cubilia curae; Vivamus fringilla dui leo, nec convallis metusDonec accumsan auctor iaculis. Sed suscipit arcu ligula, at egestas magna molesti<br>\n<a href=""#"" class=""button"">Learn more</a>\n</p></div>\n</div>",,,taxable,,1,,,0,0,,,,,1,,,29.99,"Courses > Trending Courses",,,https://omens.la-studioweb.com/wp-content/uploads/2021/09/m24-product-10.jpg,,,,,,,,,35,default,,,,,,,,,,,,,
2930,simple,"REF. LA-2930","Vivamus dignissim sagittis urna. In dignissim",1,0,visible,"In elit risus, volutpat sed vestibulum sit amet, bibendum in lorem. Etiam aliquet convallis nibh at tempus. Proin gravida tincidunt egestas. Curabitur porta nibh ac enim semper, vitae pretium ante sollicitudin.","<div class=""product_desc-row"">\n<div class=""product_desc-img""><img class=""alignnone wp-image-5098 size-full"" src=""https://omens.la-studioweb.com/wp-content/uploads/2021/11/shop-single-3.jpg"" alt="""" width=""563"" height=""560"" /></div>\n<div class=""product_desc-desc"">\n<h4>Made with love</h4>\nVestibulum ante ipsum primis in faucibus orci luctus et ultrices posuere cubilia curae; Vivamus fringilla dui leo, nec convallis metusDonec accumsan auctor iaculis. Sed suscipit arcu ligula, at egestas magna molesti\n</div>\n</div>",,,taxable,,1,,,0,0,,,,,1,,,29.99,"Courses > Trending Courses",,,https://omens.la-studioweb.com/wp-content/uploads/2021/09/m24-product-9.jpg,,,,,,,,,51,default,,,,,,,,,,,,,
2932,simple,"REF. LA-2932","Luctus eget mi cursus, vulputate sagittis urn",1,0,visible,"<p>In elit risus, volutpat sed vestibulum sit amet, bibendum in lorem. Etiam aliquet convallis nibh at tempus.</p><p>Proin gravida tincidunt egestas. Curabitur porta nibh ac enim semper, vitae pretium ante sollicitudin.</p>","<div class=""product_desc-row"">\n<div class=""product_desc-img""><img loading=""lazy"" src=""https://omens.la-studioweb.com/wp-content/uploads/2021/09/shop-single-1.jpg"" alt="""" width=""600"" height=""612"" class=""alignnone size-full wp-image-4782""></div>\n<div class=""product_desc-desc"">\n<h4>Made with love</h4>\n<p>Vestibulum ante ipsum primis in faucibus orci luctus et ultrices posuere cubilia curae; Vivamus fringilla dui leo, nec convallis metusDonec accumsan auctor iaculis. Sed suscipit arcu ligula, at egestas magna molesti<br>\n<a href=""#"" class=""button"">Learn more</a>\n</p></div>\n</div>",,,taxable,,1,,,0,0,,,,,1,,,29.99,"Courses > Drawing &amp; concept Art",,,https://omens.la-studioweb.com/wp-content/uploads/2021/09/m24-product-8.jpg,,,,,,,,,38,default,,,,,,,,,,,,,
2934,simple,"REF. LA-2934","Vivamus dignissim sagittis urna. In dignissim",1,0,visible,"In elit risus, volutpat sed vestibulum sit amet, bibendum in lorem. Etiam aliquet convallis nibh at tempus. Proin gravida tincidunt egestas. Curabitur porta nibh ac enim semper, vitae pretium ante sollicitudin.","<div class=""product_desc-row"">\n<div class=""product_desc-img""><img class=""alignnone wp-image-5098 size-full"" src=""https://omens.la-studioweb.com/wp-content/uploads/2021/11/shop-single-3.jpg"" alt="""" width=""563"" height=""560"" /></div>\n<div class=""product_desc-desc"">\n<h4>Made with love</h4>\nVestibulum ante ipsum primis in faucibus orci luctus et ultrices posuere cubilia curae; Vivamus fringilla dui leo, nec convallis metusDonec accumsan auctor iaculis. Sed suscipit arcu ligula, at egestas magna molesti\n</div>\n</div>",,,taxable,,1,,,0,0,,,,,1,,,29.99,"Courses > Drawing &amp; concept Art",,,https://omens.la-studioweb.com/wp-content/uploads/2021/09/m24-product-7.jpg,,,,,,,,,52,default,,,,,,,,,,,,,
2936,simple,"REF. LA-2936","Curabitur mauris magna, luctus eget mi cursus",1,0,visible,"<p>In elit risus, volutpat sed vestibulum sit amet, bibendum in lorem. Etiam aliquet convallis nibh at tempus.</p><p>Proin gravida tincidunt egestas. Curabitur porta nibh ac enim semper, vitae pretium ante sollicitudin.</p>","<div class=""product_desc-row"">\n<div class=""product_desc-img""><img loading=""lazy"" src=""https://omens.la-studioweb.com/wp-content/uploads/2021/09/shop-single-1.jpg"" alt="""" width=""600"" height=""612"" class=""alignnone size-full wp-image-4782""></div>\n<div class=""product_desc-desc"">\n<h4>Made with love</h4>\n<p>Vestibulum ante ipsum primis in faucibus orci luctus et ultrices posuere cubilia curae; Vivamus fringilla dui leo, nec convallis metusDonec accumsan auctor iaculis. Sed suscipit arcu ligula, at egestas magna molesti<br>\n<a href=""#"" class=""button"">Learn more</a>\n</p></div>\n</div>",,,taxable,,1,,,0,0,,,,,1,,,29.99,"Courses > Drawing &amp; concept Art",,,https://omens.la-studioweb.com/wp-content/uploads/2021/09/m24-product-6.jpg,,,,,,,,,14,default,,,,,,,,,,,,,
2938,simple,"REF. LA-2938","Facilisis ligula laoreet luctus. Nulla ultricies aliquam",1,0,visible,"In elit risus, volutpat sed vestibulum sit amet, bibendum in lorem. Etiam aliquet convallis nibh at tempus. Proin gravida tincidunt egestas. Curabitur porta nibh ac enim semper, vitae pretium ante sollicitudin.","<div class=""product_desc-row"">\n<div class=""product_desc-img""><img class=""alignnone wp-image-5098 size-full"" src=""https://omens.la-studioweb.com/wp-content/uploads/2021/11/shop-single-3.jpg"" alt="""" width=""563"" height=""560"" /></div>\n<div class=""product_desc-desc"">\n<h4>Made with love</h4>\nVestibulum ante ipsum primis in faucibus orci luctus et ultrices posuere cubilia curae; Vivamus fringilla dui leo, nec convallis metusDonec accumsan auctor iaculis. Sed suscipit arcu ligula, at egestas magna molesti\n</div>\n</div>",,,taxable,,1,,,0,0,,,,,1,,,29.99,"Courses > Drawing &amp; concept Art",,,https://omens.la-studioweb.com/wp-content/uploads/2021/09/m24-product-5.jpg,,,,,,,,,25,default,,,,,,,,,,,,,
2940,simple,"REF. LA-2940","Professional Photography for Instagram",1,0,visible,"<p>In elit risus, volutpat sed vestibulum sit amet, bibendum in lorem. Etiam aliquet convallis nibh at tempus.</p><p>Proin gravida tincidunt egestas. Curabitur porta nibh ac enim semper, vitae pretium ante sollicitudin.</p>","<div class=""product_desc-row"">\n<div class=""product_desc-img""><img loading=""lazy"" src=""https://omens.la-studioweb.com/wp-content/uploads/2021/09/shop-single-1.jpg"" alt="""" width=""600"" height=""612"" class=""alignnone size-full wp-image-4782""></div>\n<div class=""product_desc-desc"">\n<h4>Made with love</h4>\n<p>Vestibulum ante ipsum primis in faucibus orci luctus et ultrices posuere cubilia curae; Vivamus fringilla dui leo, nec convallis metusDonec accumsan auctor iaculis. Sed suscipit arcu ligula, at egestas magna molesti<br>\n<a href=""#"" class=""button"">Learn more</a>\n</p></div>\n</div>",,,taxable,,1,,,0,0,,,,,1,,,29.99,"Courses > Popular Courses",,,https://omens.la-studioweb.com/wp-content/uploads/2021/09/m24-product-4.jpg,,,,,,,,,41,default,,,,,,,,,,,,,
2942,simple,"REF. LA-2942","Introduction To Photography for Beginner",1,0,visible,"In elit risus, volutpat sed vestibulum sit amet, bibendum in lorem. Etiam aliquet convallis nibh at tempus. Proin gravida tincidunt egestas. Curabitur porta nibh ac enim semper, vitae pretium ante sollicitudin.","<div class=""product_desc-row"">\n<div class=""product_desc-img""><img class=""alignnone wp-image-5098 size-full"" src=""https://omens.la-studioweb.com/wp-content/uploads/2021/11/shop-single-3.jpg"" alt="""" width=""563"" height=""560"" /></div>\n<div class=""product_desc-desc"">\n<h4>Made with love</h4>\nVestibulum ante ipsum primis in faucibus orci luctus et ultrices posuere cubilia curae; Vivamus fringilla dui leo, nec convallis metusDonec accumsan auctor iaculis. Sed suscipit arcu ligula, at egestas magna molesti\n</div>\n</div>",,,taxable,,1,,,0,0,,,,,1,,,29.99,"Courses > Popular Courses",,,https://omens.la-studioweb.com/wp-content/uploads/2021/09/m24-product-3.jpg,,,,,,,,,36,default,,,,,,,,,,,,,
2944,simple,"REF. LA-2944","The Ultimate Character Design School - Beginner to Advanced",1,0,visible,"<p>In elit risus, volutpat sed vestibulum sit amet, bibendum in lorem. Etiam aliquet convallis nibh at tempus.</p><p>Proin gravida tincidunt egestas. Curabitur porta nibh ac enim semper, vitae pretium ante sollicitudin.</p>","<div class=""product_desc-row"">\n<div class=""product_desc-img""><img loading=""lazy"" src=""https://omens.la-studioweb.com/wp-content/uploads/2021/09/shop-single-1.jpg"" alt="""" width=""600"" height=""612"" class=""alignnone size-full wp-image-4782""></div>\n<div class=""product_desc-desc"">\n<h4>Made with love</h4>\n<p>Vestibulum ante ipsum primis in faucibus orci luctus et ultrices posuere cubilia curae; Vivamus fringilla dui leo, nec convallis metusDonec accumsan auctor iaculis. Sed suscipit arcu ligula, at egestas magna molesti<br>\n<a href=""#"" class=""button"">Learn more</a>\n</p></div>\n</div>",,,taxable,,1,,,0,0,,,,,1,,,29.99,"Courses > Popular Courses",,,https://omens.la-studioweb.com/wp-content/uploads/2021/09/m24-product-2.jpg,,,,,,,,,47,default,,,,,,,,,,,,,
2946,simple,"REF. LA-2946","Viral Marketing: Campaigns That Share Themselves",1,0,visible,"In elit risus, volutpat sed vestibulum sit amet, bibendum in lorem. Etiam aliquet convallis nibh at tempus. Proin gravida tincidunt egestas. Curabitur porta nibh ac enim semper, vitae pretium ante sollicitudin.","<div class=""product_desc-row"">\n<div class=""product_desc-img""><img class=""alignnone wp-image-5098 size-full"" src=""https://omens.la-studioweb.com/wp-content/uploads/2021/11/shop-single-3.jpg"" alt="""" width=""563"" height=""560"" /></div>\n<div class=""product_desc-desc"">\n<h4>Made with love</h4>\nVestibulum ante ipsum primis in faucibus orci luctus et ultrices posuere cubilia curae; Vivamus fringilla dui leo, nec convallis metusDonec accumsan auctor iaculis. Sed suscipit arcu ligula, at egestas magna molesti\n</div>\n</div>",,,taxable,,1,,,0,0,,,,,1,,,29.99,"Courses > Popular Courses",,,https://omens.la-studioweb.com/wp-content/uploads/2021/09/m24-product-1.jpg,,,,,,,,,48,default,,,,,,,,,,,,,
3068,simple,"REF. LA-3068","Zion rootswear Print T-shirt",1,0,visible,"<p>In elit risus, volutpat sed vestibulum sit amet, bibendum in lorem. Etiam aliquet convallis nibh at tempus.</p><p>Proin gravida tincidunt egestas. Curabitur porta nibh ac enim semper, vitae pretium ante sollicitudin.</p>","<div class=""product_desc-row"">\n<div class=""product_desc-img""><img loading=""lazy"" src=""https://omens.la-studioweb.com/wp-content/uploads/2021/09/shop-single-1.jpg"" alt="""" width=""600"" height=""612"" class=""alignnone size-full wp-image-4782""></div>\n<div class=""product_desc-desc"">\n<h4>Made with love</h4>\n<p>Vestibulum ante ipsum primis in faucibus orci luctus et ultrices posuere cubilia curae; Vivamus fringilla dui leo, nec convallis metusDonec accumsan auctor iaculis. Sed suscipit arcu ligula, at egestas magna molesti<br>\n<a href=""#"" class=""button"">Learn more</a>\n</p></div>\n</div>",,,taxable,,1,,,0,0,,,,,1,,,39.99,"Fashion > Best Seller, Fashion","Boho, Dress, Fashion, Hot trend, Spring collection, Suite, Vintage",,https://omens.la-studioweb.com/wp-content/uploads/2021/09/m25-prod-6.jpg,,,,,,,,,58,default,,Brands,"Blackman, Lacote, Mango, Nike, Zara",0,1,Color,"Black, Green, Pink, Purple, Red, White",0,1,Size,"L, M, S, XL, XXL",0,1
3070,simple,"REF. LA-3070","Ut finibus lectus commodo",1,0,visible,"In elit risus, volutpat sed vestibulum sit amet, bibendum in lorem. Etiam aliquet convallis nibh at tempus. Proin gravida tincidunt egestas. Curabitur porta nibh ac enim semper, vitae pretium ante sollicitudin.","<div class=""product_desc-row"">\n<div class=""product_desc-img""><img class=""alignnone wp-image-5098 size-full"" src=""https://omens.la-studioweb.com/wp-content/uploads/2021/11/shop-single-3.jpg"" alt="""" width=""563"" height=""560"" /></div>\n<div class=""product_desc-desc"">\n<h4>Made with love</h4>\nVestibulum ante ipsum primis in faucibus orci luctus et ultrices posuere cubilia curae; Vivamus fringilla dui leo, nec convallis metusDonec accumsan auctor iaculis. Sed suscipit arcu ligula, at egestas magna molesti\n</div>\n</div>",,,taxable,,1,,,0,0,,,,,1,,,39.99,"Fashion > Best Seller, Fashion","Boho, Dress, Fashion, Hot trend, Spring collection, Suite, Vintage",,https://omens.la-studioweb.com/wp-content/uploads/2021/09/m25-prod-11.jpg,,,,,,,,,4,default,,,,,,,,,,,,,
3072,simple,"REF. LA-3072","Vestibulum imperdiet fermentum",1,0,visible,"<p>In elit risus, volutpat sed vestibulum sit amet, bibendum in lorem. Etiam aliquet convallis nibh at tempus.</p><p>Proin gravida tincidunt egestas. Curabitur porta nibh ac enim semper, vitae pretium ante sollicitudin.</p>","<div class=""product_desc-row"">\n<div class=""product_desc-img""><img loading=""lazy"" src=""https://omens.la-studioweb.com/wp-content/uploads/2021/09/shop-single-1.jpg"" alt="""" width=""600"" height=""612"" class=""alignnone size-full wp-image-4782""></div>\n<div class=""product_desc-desc"">\n<h4>Made with love</h4>\n<p>Vestibulum ante ipsum primis in faucibus orci luctus et ultrices posuere cubilia curae; Vivamus fringilla dui leo, nec convallis metusDonec accumsan auctor iaculis. Sed suscipit arcu ligula, at egestas magna molesti<br>\n<a href=""#"" class=""button"">Learn more</a>\n</p></div>\n</div>",,,taxable,,1,,,0,0,,,,,1,,,39.99,"Fashion > Best Seller, Fashion","Boho, Dress, Fashion, Hot trend, Spring collection, Suite, Vintage",,https://omens.la-studioweb.com/wp-content/uploads/2021/09/m25-prod-10.jpg,,,,,,,,,5,default,,,,,,,,,,,,,
3074,simple,"REF. LA-3074","Wool blend blazer with elbow patches",1,0,visible,"In elit risus, volutpat sed vestibulum sit amet, bibendum in lorem. Etiam aliquet convallis nibh at tempus. Proin gravida tincidunt egestas. Curabitur porta nibh ac enim semper, vitae pretium ante sollicitudin.","<div class=""product_desc-row"">\n<div class=""product_desc-img""><img class=""alignnone wp-image-5098 size-full"" src=""https://omens.la-studioweb.com/wp-content/uploads/2021/11/shop-single-3.jpg"" alt="""" width=""563"" height=""560"" /></div>\n<div class=""product_desc-desc"">\n<h4>Made with love</h4>\nVestibulum ante ipsum primis in faucibus orci luctus et ultrices posuere cubilia curae; Vivamus fringilla dui leo, nec convallis metusDonec accumsan auctor iaculis. Sed suscipit arcu ligula, at egestas magna molesti\n</div>\n</div>",,,taxable,,1,,,0,0,,,,,1,,,39.99,"Fashion > Best Seller, Fashion","Boho, Dress, Fashion, Hot trend, Spring collection, Suite, Vintage",,https://omens.la-studioweb.com/wp-content/uploads/2021/09/m25-prod-9.jpg,,,,,,,,,9,default,,,,,,,,,,,,,
3076,simple,"REF. LA-3076","Ut finibus lectus commodo",1,0,visible,"<p>In elit risus, volutpat sed vestibulum sit amet, bibendum in lorem. Etiam aliquet convallis nibh at tempus.</p><p>Proin gravida tincidunt egestas. Curabitur porta nibh ac enim semper, vitae pretium ante sollicitudin.</p>","<div class=""product_desc-row"">\n<div class=""product_desc-img""><img loading=""lazy"" src=""https://omens.la-studioweb.com/wp-content/uploads/2021/09/shop-single-1.jpg"" alt="""" width=""600"" height=""612"" class=""alignnone size-full wp-image-4782""></div>\n<div class=""product_desc-desc"">\n<h4>Made with love</h4>\n<p>Vestibulum ante ipsum primis in faucibus orci luctus et ultrices posuere cubilia curae; Vivamus fringilla dui leo, nec convallis metusDonec accumsan auctor iaculis. Sed suscipit arcu ligula, at egestas magna molesti<br>\n<a href=""#"" class=""button"">Learn more</a>\n</p></div>\n</div>",,,taxable,,1,,,0,0,,,,,1,,,39.99,"Fashion > Best Seller, Fashion","Boho, Dress, Fashion, Hot trend, Spring collection, Suite, Vintage",,https://omens.la-studioweb.com/wp-content/uploads/2021/09/m25-prod-8.jpg,,,,,,,,,1,default,,,,,,,,,,,,,
3078,simple,"REF. LA-3078","Vestibulum imperdiet fermentum",1,0,visible,"In elit risus, volutpat sed vestibulum sit amet, bibendum in lorem. Etiam aliquet convallis nibh at tempus. Proin gravida tincidunt egestas. Curabitur porta nibh ac enim semper, vitae pretium ante sollicitudin.","<div class=""product_desc-row"">\n<div class=""product_desc-img""><img class=""alignnone wp-image-5098 size-full"" src=""https://omens.la-studioweb.com/wp-content/uploads/2021/11/shop-single-3.jpg"" alt="""" width=""563"" height=""560"" /></div>\n<div class=""product_desc-desc"">\n<h4>Made with love</h4>\nVestibulum ante ipsum primis in faucibus orci luctus et ultrices posuere cubilia curae; Vivamus fringilla dui leo, nec convallis metusDonec accumsan auctor iaculis. Sed suscipit arcu ligula, at egestas magna molesti\n</div>\n</div>",,,taxable,,1,998,,notify,0,,,,,1,,,39.99,"Fashion > Best Seller, Fashion","Boho, Dress, Fashion, Hot trend, Spring collection, Suite, Vintage",,"https://omens.la-studioweb.com/wp-content/uploads/2021/09/m25-prod-7.jpg, https://omens.la-studioweb.com/wp-content/uploads/2021/09/m25-prod-1.jpg, https://omens.la-studioweb.com/wp-content/uploads/2021/09/m25-prod-2.jpg, https://omens.la-studioweb.com/wp-content/uploads/2021/09/m25-prod-3.jpg, https://omens.la-studioweb.com/wp-content/uploads/2021/09/m25-prod-4.jpg, https://omens.la-studioweb.com/wp-content/uploads/2021/09/m25-prod-5.jpg",,,,,,,,,6,default,,,,,,,,,,,,,
3080,simple,"REF. LA-3080","Zion rootswear print t-shirt",1,0,visible,"<p>In elit risus, volutpat sed vestibulum sit amet, bibendum in lorem. Etiam aliquet convallis nibh at tempus.</p><p>Proin gravida tincidunt egestas. Curabitur porta nibh ac enim semper, vitae pretium ante sollicitudin.</p>","<div class=""product_desc-row"">\n<div class=""product_desc-img""><img loading=""lazy"" src=""https://omens.la-studioweb.com/wp-content/uploads/2021/09/shop-single-1.jpg"" alt="""" width=""600"" height=""612"" class=""alignnone size-full wp-image-4782""></div>\n<div class=""product_desc-desc"">\n<h4>Made with love</h4>\n<p>Vestibulum ante ipsum primis in faucibus orci luctus et ultrices posuere cubilia curae; Vivamus fringilla dui leo, nec convallis metusDonec accumsan auctor iaculis. Sed suscipit arcu ligula, at egestas magna molesti<br>\n<a href=""#"" class=""button"">Learn more</a>\n</p></div>\n</div>",,,taxable,,1,,,0,0,,,,,1,,,39.99,"Fashion, Fashion > New arrival","Boho, Dress, Fashion, Hot trend, Spring collection, Suite, Vintage",,https://omens.la-studioweb.com/wp-content/uploads/2021/09/m25-prod-6.jpg,,,,,,,,,57,default,,,,,,,,,,,,,
3081,simple,"REF. LA-3081","Ut finibus lectus commodo",1,0,visible,"In elit risus, volutpat sed vestibulum sit amet, bibendum in lorem. Etiam aliquet convallis nibh at tempus. Proin gravida tincidunt egestas. Curabitur porta nibh ac enim semper, vitae pretium ante sollicitudin.","<div class=""product_desc-row"">\n<div class=""product_desc-img""><img class=""alignnone wp-image-5098 size-full"" src=""https://omens.la-studioweb.com/wp-content/uploads/2021/11/shop-single-3.jpg"" alt="""" width=""563"" height=""560"" /></div>\n<div class=""product_desc-desc"">\n<h4>Made with love</h4>\nVestibulum ante ipsum primis in faucibus orci luctus et ultrices posuere cubilia curae; Vivamus fringilla dui leo, nec convallis metusDonec accumsan auctor iaculis. Sed suscipit arcu ligula, at egestas magna molesti\n</div>\n</div>",,,taxable,,1,,,0,0,,,,,1,,,39.99,"Fashion, Fashion > New arrival","Boho, Dress, Fashion, Hot trend, Spring collection, Suite, Vintage",,https://omens.la-studioweb.com/wp-content/uploads/2021/09/m25-prod-5.jpg,,,,,,,,,2,default,,,,,,,,,,,,,
3083,simple,"REF. LA-3083","Vestibulum imperdiet fermentum",1,0,visible,"<p>In elit risus, volutpat sed vestibulum sit amet, bibendum in lorem. Etiam aliquet convallis nibh at tempus.</p><p>Proin gravida tincidunt egestas. Curabitur porta nibh ac enim semper, vitae pretium ante sollicitudin.</p>","<div class=""product_desc-row"">\n<div class=""product_desc-img""><img loading=""lazy"" src=""https://omens.la-studioweb.com/wp-content/uploads/2021/09/shop-single-1.jpg"" alt="""" width=""600"" height=""612"" class=""alignnone size-full wp-image-4782""></div>\n<div class=""product_desc-desc"">\n<h4>Made with love</h4>\n<p>Vestibulum ante ipsum primis in faucibus orci luctus et ultrices posuere cubilia curae; Vivamus fringilla dui leo, nec convallis metusDonec accumsan auctor iaculis. Sed suscipit arcu ligula, at egestas magna molesti<br>\n<a href=""#"" class=""button"">Learn more</a>\n</p></div>\n</div>",,,taxable,,1,,,0,0,,,,,1,,,39.99,"Fashion, Fashion > New arrival","Boho, Dress, Fashion, Hot trend, Spring collection, Suite, Vintage",,https://omens.la-studioweb.com/wp-content/uploads/2021/09/m25-prod-4.jpg,,,,,,,,,7,default,,,,,,,,,,,,,
3085,simple,"REF. LA-3085","Wool blend blazer with elbow patches",1,0,visible,"In elit risus, volutpat sed vestibulum sit amet, bibendum in lorem. Etiam aliquet convallis nibh at tempus. Proin gravida tincidunt egestas. Curabitur porta nibh ac enim semper, vitae pretium ante sollicitudin.","<div class=""product_desc-row"">\n<div class=""product_desc-img""><img class=""alignnone wp-image-5098 size-full"" src=""https://omens.la-studioweb.com/wp-content/uploads/2021/11/shop-single-3.jpg"" alt="""" width=""563"" height=""560"" /></div>\n<div class=""product_desc-desc"">\n<h4>Made with love</h4>\nVestibulum ante ipsum primis in faucibus orci luctus et ultrices posuere cubilia curae; Vivamus fringilla dui leo, nec convallis metusDonec accumsan auctor iaculis. Sed suscipit arcu ligula, at egestas magna molesti\n</div>\n</div>",,,taxable,,1,,,0,0,,,,,1,,,39.99,"Fashion, Fashion > New arrival","Boho, Dress, Fashion, Hot trend, Spring collection, Suite, Vintage",,https://omens.la-studioweb.com/wp-content/uploads/2021/09/m25-prod-3.jpg,,,,,,,,,10,default,,,,,,,,,,,,,
3087,simple,"REF. LA-3087","Ut finibus lectus commodo",1,0,visible,"<p>In elit risus, volutpat sed vestibulum sit amet, bibendum in lorem. Etiam aliquet convallis nibh at tempus.</p><p>Proin gravida tincidunt egestas. Curabitur porta nibh ac enim semper, vitae pretium ante sollicitudin.</p>","<div class=""product_desc-row"">\n<div class=""product_desc-img""><img loading=""lazy"" src=""https://omens.la-studioweb.com/wp-content/uploads/2021/09/shop-single-1.jpg"" alt="""" width=""600"" height=""612"" class=""alignnone size-full wp-image-4782""></div>\n<div class=""product_desc-desc"">\n<h4>Made with love</h4>\n<p>Vestibulum ante ipsum primis in faucibus orci luctus et ultrices posuere cubilia curae; Vivamus fringilla dui leo, nec convallis metusDonec accumsan auctor iaculis. Sed suscipit arcu ligula, at egestas magna molesti<br>\n<a href=""#"" class=""button"">Learn more</a>\n</p></div>\n</div>",,,taxable,,1,,,0,0,,,,,1,,,39.99,"Fashion, Fashion > New arrival","Boho, Dress, Fashion, Hot trend, Spring collection, Suite, Vintage",,https://omens.la-studioweb.com/wp-content/uploads/2021/09/m25-prod-2.jpg,,,,,,,,,3,default,,,,,,,,,,,,,
3089,simple,"REF. LA-3089","Vestibulum imperdiet fermentum",1,0,visible,"In elit risus, volutpat sed vestibulum sit amet, bibendum in lorem. Etiam aliquet convallis nibh at tempus. Proin gravida tincidunt egestas. Curabitur porta nibh ac enim semper, vitae pretium ante sollicitudin.","<div class=""product_desc-row"">\n<div class=""product_desc-img""><img class=""alignnone wp-image-5098 size-full"" src=""https://omens.la-studioweb.com/wp-content/uploads/2021/11/shop-single-3.jpg"" alt="""" width=""563"" height=""560"" /></div>\n<div class=""product_desc-desc"">\n<h4>Made with love</h4>\nVestibulum ante ipsum primis in faucibus orci luctus et ultrices posuere cubilia curae; Vivamus fringilla dui leo, nec convallis metusDonec accumsan auctor iaculis. Sed suscipit arcu ligula, at egestas magna molesti\n</div>\n</div>",,,taxable,,1,,,0,0,,,,,1,,,39.99,"Fashion, Fashion > New arrival","Boho, Dress, Fashion, Hot trend, Spring collection, Suite, Vintage",,https://omens.la-studioweb.com/wp-content/uploads/2021/09/m25-prod-1.jpg,,,,,,,,,8,default,,,,,,,,,,,,,
3507,simple,"REF. LA-3507","Burt’s Bees 100% Natural Hand Salve - 3 Ounce Tin",1,0,visible,"<p>In elit risus, volutpat sed vestibulum sit amet, bibendum in lorem. Etiam aliquet convallis nibh at tempus.</p><p>Proin gravida tincidunt egestas. Curabitur porta nibh ac enim semper, vitae pretium ante sollicitudin.</p>","<div class=""product_desc-row"">\n<div class=""product_desc-img""><img loading=""lazy"" src=""https://omens.la-studioweb.com/wp-content/uploads/2021/09/shop-single-1.jpg"" alt="""" width=""600"" height=""612"" class=""alignnone size-full wp-image-4782""></div>\n<div class=""product_desc-desc"">\n<h4>Made with love</h4>\n<p>Vestibulum ante ipsum primis in faucibus orci luctus et ultrices posuere cubilia curae; Vivamus fringilla dui leo, nec convallis metusDonec accumsan auctor iaculis. Sed suscipit arcu ligula, at egestas magna molesti<br>\n<a href=""#"" class=""button"">Learn more</a>\n</p></div>\n</div>",,,taxable,,1,,,0,0,,,,,1,,,19.99,Beauty,,,https://omens.la-studioweb.com/wp-content/uploads/2021/09/m20-prod-4.jpg,,,,,,,,,13,default,,,,,,,,,,,,,
3512,simple,"REF. LA-3512","Shea Moisture Papaya and Vitamin C, Revive & Brighten Body",1,0,visible,"In elit risus, volutpat sed vestibulum sit amet, bibendum in lorem. Etiam aliquet convallis nibh at tempus. Proin gravida tincidunt egestas. Curabitur porta nibh ac enim semper, vitae pretium ante sollicitudin.","<div class=""product_desc-row"">\n<div class=""product_desc-img""><img class=""alignnone wp-image-5098 size-full"" src=""https://omens.la-studioweb.com/wp-content/uploads/2021/11/shop-single-3.jpg"" alt="""" width=""563"" height=""560"" /></div>\n<div class=""product_desc-desc"">\n<h4>Made with love</h4>\nVestibulum ante ipsum primis in faucibus orci luctus et ultrices posuere cubilia curae; Vivamus fringilla dui leo, nec convallis metusDonec accumsan auctor iaculis. Sed suscipit arcu ligula, at egestas magna molesti\n</div>\n</div>",,,taxable,,1,,,0,0,,,,,1,,,19.99,Beauty,,,https://omens.la-studioweb.com/wp-content/uploads/2021/09/m20-prod-3.jpg,,,,,,,,,46,default,,,,,,,,,,,,,
3513,simple,"REF. LA-3513","BodyRestore Shower Steamers (Pack of 15) Gifts for Women and Men",1,0,visible,"<p>In elit risus, volutpat sed vestibulum sit amet, bibendum in lorem. Etiam aliquet convallis nibh at tempus.</p><p>Proin gravida tincidunt egestas. Curabitur porta nibh ac enim semper, vitae pretium ante sollicitudin.</p>","<div class=""product_desc-row"">\n<div class=""product_desc-img""><img loading=""lazy"" src=""https://omens.la-studioweb.com/wp-content/uploads/2021/09/shop-single-1.jpg"" alt="""" width=""600"" height=""612"" class=""alignnone size-full wp-image-4782""></div>\n<div class=""product_desc-desc"">\n<h4>Made with love</h4>\n<p>Vestibulum ante ipsum primis in faucibus orci luctus et ultrices posuere cubilia curae; Vivamus fringilla dui leo, nec convallis metusDonec accumsan auctor iaculis. Sed suscipit arcu ligula, at egestas magna molesti<br>\n<a href=""#"" class=""button"">Learn more</a>\n</p></div>\n</div>",,,taxable,,1,,,0,0,,,,,1,,,19.99,Beauty,,,https://omens.la-studioweb.com/wp-content/uploads/2021/09/m20-prod-2.jpg,,,,,,,,,12,default,,,,,,,,,,,,,
3514,simple,"REF. LA-3514","Love Beauty and Planet Delicious Glow Body Lotion For Soft",1,0,visible,"In elit risus, volutpat sed vestibulum sit amet, bibendum in lorem. Etiam aliquet convallis nibh at tempus. Proin gravida tincidunt egestas. Curabitur porta nibh ac enim semper, vitae pretium ante sollicitudin.","<div class=""product_desc-row"">\n<div class=""product_desc-img""><img class=""alignnone wp-image-5098 size-full"" src=""https://omens.la-studioweb.com/wp-content/uploads/2021/11/shop-single-3.jpg"" alt="""" width=""563"" height=""560"" /></div>\n<div class=""product_desc-desc"">\n<h4>Made with love</h4>\nVestibulum ante ipsum primis in faucibus orci luctus et ultrices posuere cubilia curae; Vivamus fringilla dui leo, nec convallis metusDonec accumsan auctor iaculis. Sed suscipit arcu ligula, at egestas magna molesti\n</div>\n</div>",,,taxable,,1,,,0,0,,,,,1,,,19.99,Beauty,,,https://omens.la-studioweb.com/wp-content/uploads/2021/09/m20-prod-1.jpg,,,,,,,,,37,default,,,,,,,,,,,,,
3515,simple,"REF. LA-3515","Resident Evil VILLAGE PS4",1,0,visible,"<p>In elit risus, volutpat sed vestibulum sit amet, bibendum in lorem. Etiam aliquet convallis nibh at tempus.</p><p>Proin gravida tincidunt egestas. Curabitur porta nibh ac enim semper, vitae pretium ante sollicitudin.</p>","<div class=""product_desc-row"">\n<div class=""product_desc-img""><img loading=""lazy"" src=""https://omens.la-studioweb.com/wp-content/uploads/2021/09/shop-single-1.jpg"" alt="""" width=""600"" height=""612"" class=""alignnone size-full wp-image-4782""></div>\n<div class=""product_desc-desc"">\n<h4>Made with love</h4>\n<p>Vestibulum ante ipsum primis in faucibus orci luctus et ultrices posuere cubilia curae; Vivamus fringilla dui leo, nec convallis metusDonec accumsan auctor iaculis. Sed suscipit arcu ligula, at egestas magna molesti<br>\n<a href=""#"" class=""button"">Learn more</a>\n</p></div>\n</div>",,,taxable,,1,,,0,0,,,,,1,,39.99,59.99,"Game Store, Game Store > Sale off",,,https://omens.la-studioweb.com/wp-content/uploads/2021/09/m19-prod-20.jpg,,,,,,,,,42,default,,,,,,,,,,,,,
3517,simple,"REF. LA-3517","Ghost of Tsushima Ps4",1,0,visible,"In elit risus, volutpat sed vestibulum sit amet, bibendum in lorem. Etiam aliquet convallis nibh at tempus. Proin gravida tincidunt egestas. Curabitur porta nibh ac enim semper, vitae pretium ante sollicitudin.","<div class=""product_desc-row"">\n<div class=""product_desc-img""><img class=""alignnone wp-image-5098 size-full"" src=""https://omens.la-studioweb.com/wp-content/uploads/2021/11/shop-single-3.jpg"" alt="""" width=""563"" height=""560"" /></div>\n<div class=""product_desc-desc"">\n<h4>Made with love</h4>\nVestibulum ante ipsum primis in faucibus orci luctus et ultrices posuere cubilia curae; Vivamus fringilla dui leo, nec convallis metusDonec accumsan auctor iaculis. Sed suscipit arcu ligula, at egestas magna molesti\n</div>\n</div>",,,taxable,,1,,,0,0,,,,,1,,39.99,59.99,"Game Store, Game Store > Sale off",,,https://omens.la-studioweb.com/wp-content/uploads/2021/09/m19-prod-19.jpg,,,,,,,,,31,default,,,,,,,,,,,,,
3519,simple,"REF. LA-3519","Game Hitman 3 ps4",1,0,visible,"<p>In elit risus, volutpat sed vestibulum sit amet, bibendum in lorem. Etiam aliquet convallis nibh at tempus.</p><p>Proin gravida tincidunt egestas. Curabitur porta nibh ac enim semper, vitae pretium ante sollicitudin.</p>","<div class=""product_desc-row"">\n<div class=""product_desc-img""><img loading=""lazy"" src=""https://omens.la-studioweb.com/wp-content/uploads/2021/09/shop-single-1.jpg"" alt="""" width=""600"" height=""612"" class=""alignnone size-full wp-image-4782""></div>\n<div class=""product_desc-desc"">\n<h4>Made with love</h4>\n<p>Vestibulum ante ipsum primis in faucibus orci luctus et ultrices posuere cubilia curae; Vivamus fringilla dui leo, nec convallis metusDonec accumsan auctor iaculis. Sed suscipit arcu ligula, at egestas magna molesti<br>\n<a href=""#"" class=""button"">Learn more</a>\n</p></div>\n</div>",,,taxable,,1,,,0,0,,,,,1,,39.99,59.99,"Game Store, Game Store > Sale off",,,https://omens.la-studioweb.com/wp-content/uploads/2021/09/m19-prod-18.jpg,,,,,,,,,26,default,,,,,,,,,,,,,
3521,simple,"REF. LA-3521","Yakuza Like a Dragon Day  Ichi Edition PS4",1,0,visible,"In elit risus, volutpat sed vestibulum sit amet, bibendum in lorem. Etiam aliquet convallis nibh at tempus. Proin gravida tincidunt egestas. Curabitur porta nibh ac enim semper, vitae pretium ante sollicitudin.","<div class=""product_desc-row"">\n<div class=""product_desc-img""><img class=""alignnone wp-image-5098 size-full"" src=""https://omens.la-studioweb.com/wp-content/uploads/2021/11/shop-single-3.jpg"" alt="""" width=""563"" height=""560"" /></div>\n<div class=""product_desc-desc"">\n<h4>Made with love</h4>\nVestibulum ante ipsum primis in faucibus orci luctus et ultrices posuere cubilia curae; Vivamus fringilla dui leo, nec convallis metusDonec accumsan auctor iaculis. Sed suscipit arcu ligula, at egestas magna molesti\n</div>\n</div>",,,taxable,,1,,,0,0,,,,,1,,39.99,59.99,"Game Store, Game Store > Sale off",,,https://omens.la-studioweb.com/wp-content/uploads/2021/09/m19-prod-17.jpg,,,,,,,,,54,default,,,,,,,,,,,,,
3523,simple,"REF. LA-3523","Resident Evil VILLAGE PS4",1,0,visible,"<p>In elit risus, volutpat sed vestibulum sit amet, bibendum in lorem. Etiam aliquet convallis nibh at tempus.</p><p>Proin gravida tincidunt egestas. Curabitur porta nibh ac enim semper, vitae pretium ante sollicitudin.</p>","<div class=""product_desc-row"">\n<div class=""product_desc-img""><img loading=""lazy"" src=""https://omens.la-studioweb.com/wp-content/uploads/2021/09/shop-single-1.jpg"" alt="""" width=""600"" height=""612"" class=""alignnone size-full wp-image-4782""></div>\n<div class=""product_desc-desc"">\n<h4>Made with love</h4>\n<p>Vestibulum ante ipsum primis in faucibus orci luctus et ultrices posuere cubilia curae; Vivamus fringilla dui leo, nec convallis metusDonec accumsan auctor iaculis. Sed suscipit arcu ligula, at egestas magna molesti<br>\n<a href=""#"" class=""button"">Learn more</a>\n</p></div>\n</div>",,,taxable,,1,,,0,0,,,,,1,,39.99,59.99,"Game Store > Featured, Game Store",,,https://omens.la-studioweb.com/wp-content/uploads/2021/09/m19-prod-16.jpg,,,,,,,,,43,default,,,,,,,,,,,,,
3525,simple,"REF. LA-3525","Ghost of Tsushima Ps4",1,0,visible,"In elit risus, volutpat sed vestibulum sit amet, bibendum in lorem. Etiam aliquet convallis nibh at tempus. Proin gravida tincidunt egestas. Curabitur porta nibh ac enim semper, vitae pretium ante sollicitudin.","<div class=""product_desc-row"">\n<div class=""product_desc-img""><img class=""alignnone wp-image-5098 size-full"" src=""https://omens.la-studioweb.com/wp-content/uploads/2021/11/shop-single-3.jpg"" alt="""" width=""563"" height=""560"" /></div>\n<div class=""product_desc-desc"">\n<h4>Made with love</h4>\nVestibulum ante ipsum primis in faucibus orci luctus et ultrices posuere cubilia curae; Vivamus fringilla dui leo, nec convallis metusDonec accumsan auctor iaculis. Sed suscipit arcu ligula, at egestas magna molesti\n</div>\n</div>",,,taxable,,1,,,0,0,,,,,1,,,59.99,"Game Store > Featured, Game Store",,,https://omens.la-studioweb.com/wp-content/uploads/2021/09/m19-prod-15.jpg,,,,,,,,,32,default,,,,,,,,,,,,,
3527,simple,"REF. LA-3527","Game Hitman 3 ps4",1,0,visible,"<p>In elit risus, volutpat sed vestibulum sit amet, bibendum in lorem. Etiam aliquet convallis nibh at tempus.</p><p>Proin gravida tincidunt egestas. Curabitur porta nibh ac enim semper, vitae pretium ante sollicitudin.</p>","<div class=""product_desc-row"">\n<div class=""product_desc-img""><img loading=""lazy"" src=""https://omens.la-studioweb.com/wp-content/uploads/2021/09/shop-single-1.jpg"" alt="""" width=""600"" height=""612"" class=""alignnone size-full wp-image-4782""></div>\n<div class=""product_desc-desc"">\n<h4>Made with love</h4>\n<p>Vestibulum ante ipsum primis in faucibus orci luctus et ultrices posuere cubilia curae; Vivamus fringilla dui leo, nec convallis metusDonec accumsan auctor iaculis. Sed suscipit arcu ligula, at egestas magna molesti<br>\n<a href=""#"" class=""button"">Learn more</a>\n</p></div>\n</div>",,,taxable,,1,,,0,0,,,,,1,,,59.99,"Game Store > Featured, Game Store",,,https://omens.la-studioweb.com/wp-content/uploads/2021/09/m19-prod-14.jpg,,,,,,,,,27,default,,,,,,,,,,,,,
3529,simple,"REF. LA-3529","Yakuza Like a Dragon Day",1,0,visible,"In elit risus, volutpat sed vestibulum sit amet, bibendum in lorem. Etiam aliquet convallis nibh at tempus. Proin gravida tincidunt egestas. Curabitur porta nibh ac enim semper, vitae pretium ante sollicitudin.","<div class=""product_desc-row"">\n<div class=""product_desc-img""><img class=""alignnone wp-image-5098 size-full"" src=""https://omens.la-studioweb.com/wp-content/uploads/2021/11/shop-single-3.jpg"" alt="""" width=""563"" height=""560"" /></div>\n<div class=""product_desc-desc"">\n<h4>Made with love</h4>\nVestibulum ante ipsum primis in faucibus orci luctus et ultrices posuere cubilia curae; Vivamus fringilla dui leo, nec convallis metusDonec accumsan auctor iaculis. Sed suscipit arcu ligula, at egestas magna molesti\n</div>\n</div>",,,taxable,,1,,,0,0,,,,,1,,,39.99,"Game Store > Featured, Game Store",,,https://omens.la-studioweb.com/wp-content/uploads/2021/09/m19-prod-13.jpg,,,,,,,,,53,default,,,,,,,,,,,,,
3531,simple,"REF. LA-3531","Resident Evil VILLAGE PS4",1,0,visible,"<p>In elit risus, volutpat sed vestibulum sit amet, bibendum in lorem. Etiam aliquet convallis nibh at tempus.</p><p>Proin gravida tincidunt egestas. Curabitur porta nibh ac enim semper, vitae pretium ante sollicitudin.</p>","<div class=""product_desc-row"">\n<div class=""product_desc-img""><img loading=""lazy"" src=""https://omens.la-studioweb.com/wp-content/uploads/2021/09/shop-single-1.jpg"" alt="""" width=""600"" height=""612"" class=""alignnone size-full wp-image-4782""></div>\n<div class=""product_desc-desc"">\n<h4>Made with love</h4>\n<p>Vestibulum ante ipsum primis in faucibus orci luctus et ultrices posuere cubilia curae; Vivamus fringilla dui leo, nec convallis metusDonec accumsan auctor iaculis. Sed suscipit arcu ligula, at egestas magna molesti<br>\n<a href=""#"" class=""button"">Learn more</a>\n</p></div>\n</div>",,,taxable,,1,,,0,0,,,,,1,,,39.99,"Game Store > Featured, Game Store",,,https://omens.la-studioweb.com/wp-content/uploads/2021/09/m19-prod-12.jpg,,,,,,,,,44,default,,,,,,,,,,,,,
3533,simple,"REF. LA-3533","Ghost of Tsushima Ps4",1,0,visible,"In elit risus, volutpat sed vestibulum sit amet, bibendum in lorem. Etiam aliquet convallis nibh at tempus. Proin gravida tincidunt egestas. Curabitur porta nibh ac enim semper, vitae pretium ante sollicitudin.","<div class=""product_desc-row"">\n<div class=""product_desc-img""><img class=""alignnone wp-image-5098 size-full"" src=""https://omens.la-studioweb.com/wp-content/uploads/2021/11/shop-single-3.jpg"" alt="""" width=""563"" height=""560"" /></div>\n<div class=""product_desc-desc"">\n<h4>Made with love</h4>\nVestibulum ante ipsum primis in faucibus orci luctus et ultrices posuere cubilia curae; Vivamus fringilla dui leo, nec convallis metusDonec accumsan auctor iaculis. Sed suscipit arcu ligula, at egestas magna molesti\n</div>\n</div>",,,taxable,,1,,,0,0,,,,,1,,,39.99,"Game Store > Featured, Game Store",,,https://omens.la-studioweb.com/wp-content/uploads/2021/09/m19-prod-11.jpg,,,,,,,,,33,default,,,,,,,,,,,,,
3535,simple,"REF. LA-3535","Game Hitman 3 ps4",1,0,visible,"<p>In elit risus, volutpat sed vestibulum sit amet, bibendum in lorem. Etiam aliquet convallis nibh at tempus.</p><p>Proin gravida tincidunt egestas. Curabitur porta nibh ac enim semper, vitae pretium ante sollicitudin.</p>","<div class=""product_desc-row"">\n<div class=""product_desc-img""><img loading=""lazy"" src=""https://omens.la-studioweb.com/wp-content/uploads/2021/09/shop-single-1.jpg"" alt="""" width=""600"" height=""612"" class=""alignnone size-full wp-image-4782""></div>\n<div class=""product_desc-desc"">\n<h4>Made with love</h4>\n<p>Vestibulum ante ipsum primis in faucibus orci luctus et ultrices posuere cubilia curae; Vivamus fringilla dui leo, nec convallis metusDonec accumsan auctor iaculis. Sed suscipit arcu ligula, at egestas magna molesti<br>\n<a href=""#"" class=""button"">Learn more</a>\n</p></div>\n</div>",,,taxable,,1,,,0,0,,,,,1,,,39.99,"Game Store > Featured, Game Store",,,https://omens.la-studioweb.com/wp-content/uploads/2021/09/m19-prod-10.jpg,,,,,,,,,28,default,,,,,,,,,,,,,
3537,simple,"REF. LA-3537","Yakuza Like a Dragon Day  Ichi Edition PS5",1,0,visible,"In elit risus, volutpat sed vestibulum sit amet, bibendum in lorem. Etiam aliquet convallis nibh at tempus. Proin gravida tincidunt egestas. Curabitur porta nibh ac enim semper, vitae pretium ante sollicitudin.","<div class=""product_desc-row"">\n<div class=""product_desc-img""><img class=""alignnone wp-image-5098 size-full"" src=""https://omens.la-studioweb.com/wp-content/uploads/2021/11/shop-single-3.jpg"" alt="""" width=""563"" height=""560"" /></div>\n<div class=""product_desc-desc"">\n<h4>Made with love</h4>\nVestibulum ante ipsum primis in faucibus orci luctus et ultrices posuere cubilia curae; Vivamus fringilla dui leo, nec convallis metusDonec accumsan auctor iaculis. Sed suscipit arcu ligula, at egestas magna molesti\n</div>\n</div>",,,taxable,,1,,,0,0,,,,,1,,,39.99,"Game Store > Featured, Game Store",,,https://omens.la-studioweb.com/wp-content/uploads/2021/09/m19-prod-9.jpg,,,,,,,,,56,default,,,,,,,,,,,,,
3539,simple,"REF. LA-3539","Devil May Cry 5 Special Edition",1,0,visible,"<p>In elit risus, volutpat sed vestibulum sit amet, bibendum in lorem. Etiam aliquet convallis nibh at tempus.</p><p>Proin gravida tincidunt egestas. Curabitur porta nibh ac enim semper, vitae pretium ante sollicitudin.</p>","<div class=""product_desc-row"">\n<div class=""product_desc-img""><img loading=""lazy"" src=""https://omens.la-studioweb.com/wp-content/uploads/2021/09/shop-single-1.jpg"" alt="""" width=""600"" height=""612"" class=""alignnone size-full wp-image-4782""></div>\n<div class=""product_desc-desc"">\n<h4>Made with love</h4>\n<p>Vestibulum ante ipsum primis in faucibus orci luctus et ultrices posuere cubilia curae; Vivamus fringilla dui leo, nec convallis metusDonec accumsan auctor iaculis. Sed suscipit arcu ligula, at egestas magna molesti<br>\n<a href=""#"" class=""button"">Learn more</a>\n</p></div>\n</div>",,,taxable,,1,,,0,0,,,,,1,,,39.99,"Game Store, Game Store > New Game",,,https://omens.la-studioweb.com/wp-content/uploads/2021/09/m19-prod-8.jpg,,,,,,,,,15,default,,,,,,,,,,,,,
3541,simple,"REF. LA-3541","NBA 2K22 - PlayStation 5",1,0,visible,"In elit risus, volutpat sed vestibulum sit amet, bibendum in lorem. Etiam aliquet convallis nibh at tempus. Proin gravida tincidunt egestas. Curabitur porta nibh ac enim semper, vitae pretium ante sollicitudin.","<div class=""product_desc-row"">\n<div class=""product_desc-img""><img class=""alignnone wp-image-5098 size-full"" src=""https://omens.la-studioweb.com/wp-content/uploads/2021/11/shop-single-3.jpg"" alt="""" width=""563"" height=""560"" /></div>\n<div class=""product_desc-desc"">\n<h4>Made with love</h4>\nVestibulum ante ipsum primis in faucibus orci luctus et ultrices posuere cubilia curae; Vivamus fringilla dui leo, nec convallis metusDonec accumsan auctor iaculis. Sed suscipit arcu ligula, at egestas magna molesti\n</div>\n</div>",,,taxable,,1,,,0,0,,,,,1,,,69.99,"Game Store, Game Store > New Game",,,https://omens.la-studioweb.com/wp-content/uploads/2021/09/m19-prod-7.jpg,,,,,,,,,39,default,,,,,,,,,,,,,
3543,simple,"REF. LA-3543","AO TENNIS 2 Ps4-Ps5",1,0,visible,"<p>In elit risus, volutpat sed vestibulum sit amet, bibendum in lorem. Etiam aliquet convallis nibh at tempus.</p><p>Proin gravida tincidunt egestas. Curabitur porta nibh ac enim semper, vitae pretium ante sollicitudin.</p>","<div class=""product_desc-row"">\n<div class=""product_desc-img""><img loading=""lazy"" src=""https://omens.la-studioweb.com/wp-content/uploads/2021/09/shop-single-1.jpg"" alt="""" width=""600"" height=""612"" class=""alignnone size-full wp-image-4782""></div>\n<div class=""product_desc-desc"">\n<h4>Made with love</h4>\n<p>Vestibulum ante ipsum primis in faucibus orci luctus et ultrices posuere cubilia curae; Vivamus fringilla dui leo, nec convallis metusDonec accumsan auctor iaculis. Sed suscipit arcu ligula, at egestas magna molesti<br>\n<a href=""#"" class=""button"">Learn more</a>\n</p></div>\n</div>",,,taxable,,1,,,0,0,,,,,1,,,49.99,"Game Store, Game Store > New Game",,,https://omens.la-studioweb.com/wp-content/uploads/2021/09/m19-prod-6.jpg,,,,,,,,,11,default,,,,,,,,,,,,,
3545,simple,"REF. LA-3545","Game PS4 Fifa 2021",1,0,visible,"In elit risus, volutpat sed vestibulum sit amet, bibendum in lorem. Etiam aliquet convallis nibh at tempus. Proin gravida tincidunt egestas. Curabitur porta nibh ac enim semper, vitae pretium ante sollicitudin.","<div class=""product_desc-row"">\n<div class=""product_desc-img""><img class=""alignnone wp-image-5098 size-full"" src=""https://omens.la-studioweb.com/wp-content/uploads/2021/11/shop-single-3.jpg"" alt="""" width=""563"" height=""560"" /></div>\n<div class=""product_desc-desc"">\n<h4>Made with love</h4>\nVestibulum ante ipsum primis in faucibus orci luctus et ultrices posuere cubilia curae; Vivamus fringilla dui leo, nec convallis metusDonec accumsan auctor iaculis. Sed suscipit arcu ligula, at egestas magna molesti\n</div>\n</div>",,,taxable,,1,,,0,0,,,,,1,,,39.99,"Game Store, Game Store > New Game",,,https://omens.la-studioweb.com/wp-content/uploads/2021/09/m19-prod-5.jpg,,,,,,,,,30,default,,,,,,,,,,,,,
3547,simple,"REF. LA-3547","Resident Evil VILLAGE PS4",1,0,visible,"<p>In elit risus, volutpat sed vestibulum sit amet, bibendum in lorem. Etiam aliquet convallis nibh at tempus.</p><p>Proin gravida tincidunt egestas. Curabitur porta nibh ac enim semper, vitae pretium ante sollicitudin.</p>","<div class=""product_desc-row"">\n<div class=""product_desc-img""><img loading=""lazy"" src=""https://omens.la-studioweb.com/wp-content/uploads/2021/09/shop-single-1.jpg"" alt="""" width=""600"" height=""612"" class=""alignnone size-full wp-image-4782""></div>\n<div class=""product_desc-desc"">\n<h4>Made with love</h4>\n<p>Vestibulum ante ipsum primis in faucibus orci luctus et ultrices posuere cubilia curae; Vivamus fringilla dui leo, nec convallis metusDonec accumsan auctor iaculis. Sed suscipit arcu ligula, at egestas magna molesti<br>\n<a href=""#"" class=""button"">Learn more</a>\n</p></div>\n</div>",,,taxable,,1,,,0,0,,,,,1,,,59.99,"Game Store, Game Store > New Game",,,https://omens.la-studioweb.com/wp-content/uploads/2021/09/m19-prod-4.jpg,,,,,,,,,45,default,,,,,,,,,,,,,
3549,simple,"REF. LA-3549","Ghost of Tsushima Ps4",1,0,visible,"In elit risus, volutpat sed vestibulum sit amet, bibendum in lorem. Etiam aliquet convallis nibh at tempus. Proin gravida tincidunt egestas. Curabitur porta nibh ac enim semper, vitae pretium ante sollicitudin.","<div class=""product_desc-row"">\n<div class=""product_desc-img""><img class=""alignnone wp-image-5098 size-full"" src=""https://omens.la-studioweb.com/wp-content/uploads/2021/11/shop-single-3.jpg"" alt="""" width=""563"" height=""560"" /></div>\n<div class=""product_desc-desc"">\n<h4>Made with love</h4>\nVestibulum ante ipsum primis in faucibus orci luctus et ultrices posuere cubilia curae; Vivamus fringilla dui leo, nec convallis metusDonec accumsan auctor iaculis. Sed suscipit arcu ligula, at egestas magna molesti\n</div>\n</div>",,,taxable,,1,,,0,0,,,,,1,,,39.99,"Game Store, Game Store > New Game",,,https://omens.la-studioweb.com/wp-content/uploads/2021/09/m19-prod-3.jpg,,,,,,,,,34,default,,,,,,,,,,,,,
3551,simple,"REF. LA-3551","Game Hitman 3 ps4",1,0,visible,"<p>In elit risus, volutpat sed vestibulum sit amet, bibendum in lorem. Etiam aliquet convallis nibh at tempus.</p><p>Proin gravida tincidunt egestas. Curabitur porta nibh ac enim semper, vitae pretium ante sollicitudin.</p>","<div class=""product_desc-row"">\n<div class=""product_desc-img""><img loading=""lazy"" src=""https://omens.la-studioweb.com/wp-content/uploads/2021/09/shop-single-1.jpg"" alt="""" width=""600"" height=""612"" class=""alignnone size-full wp-image-4782""></div>\n<div class=""product_desc-desc"">\n<h4>Made with love</h4>\n<p>Vestibulum ante ipsum primis in faucibus orci luctus et ultrices posuere cubilia curae; Vivamus fringilla dui leo, nec convallis metusDonec accumsan auctor iaculis. Sed suscipit arcu ligula, at egestas magna molesti<br>\n<a href=""#"" class=""button"">Learn more</a>\n</p></div>\n</div>",,,taxable,,1,,,0,0,,,,,1,,39.99,59.99,"Game Store, Game Store > New Game",,,https://omens.la-studioweb.com/wp-content/uploads/2021/09/m19-prod-2.jpg,,,,,,,,,29,default,,,,,,,,,,,,,
3553,simple,"REF. LA-3553","Yakuza Like a Dragon Day  Ichi Edition PS4",1,0,visible,"In elit risus, volutpat sed vestibulum sit amet, bibendum in lorem. Etiam aliquet convallis nibh at tempus. Proin gravida tincidunt egestas. Curabitur porta nibh ac enim semper, vitae pretium ante sollicitudin.","<div class=""product_desc-row"">\n<div class=""product_desc-img""><img class=""alignnone wp-image-5098 size-full"" src=""https://omens.la-studioweb.com/wp-content/uploads/2021/11/shop-single-3.jpg"" alt="""" width=""563"" height=""560"" /></div>\n<div class=""product_desc-desc"">\n<h4>Made with love</h4>\nVestibulum ante ipsum primis in faucibus orci luctus et ultrices posuere cubilia curae; Vivamus fringilla dui leo, nec convallis metusDonec accumsan auctor iaculis. Sed suscipit arcu ligula, at egestas magna molesti\n</div>\n</div>",,,taxable,,1,,,0,0,,,,,1,,,39.99,"Game Store, Game Store > New Game",,,https://omens.la-studioweb.com/wp-content/uploads/2021/09/m19-prod-1.jpg,,,,,,,,,55,default,,,,,,,,,,,,,
5076,external,"REF. LA-5076","Zion rootswear print t-shirt",1,0,visible,"<p>In elit risus, volutpat sed vestibulum sit amet, bibendum in lorem. Etiam aliquet convallis nibh at tempus.</p><p>Proin gravida tincidunt egestas. Curabitur porta nibh ac enim semper, vitae pretium ante sollicitudin.</p>","<div class=""product_desc-row"">\n<div class=""product_desc-img""><img loading=""lazy"" src=""https://omens.la-studioweb.com/wp-content/uploads/2021/09/shop-single-1.jpg"" alt="""" width=""600"" height=""612"" class=""alignnone size-full wp-image-4782""></div>\n<div class=""product_desc-desc"">\n<h4>Made with love</h4>\n<p>Vestibulum ante ipsum primis in faucibus orci luctus et ultrices posuere cubilia curae; Vivamus fringilla dui leo, nec convallis metusDonec accumsan auctor iaculis. Sed suscipit arcu ligula, at egestas magna molesti<br>\n<a href=""#"" class=""button"">Learn more</a>\n</p></div>\n</div>",,,taxable,,1,,,0,0,,,,,1,,39.99,59.99,"Fashion, Uncategorized","Boho, Dress, Fashion, Hot trend, Spring collection, Suite, Vintage",,https://omens.la-studioweb.com/wp-content/uploads/2021/11/product-12.jpg,,,,,,,https://la-studioweb.com/go/omens,,0,default,,,,,,,,,,,,,
5078,grouped,"REF. LA-5078","Wool blend blazer with elbow patches",1,0,visible,"In elit risus, volutpat sed vestibulum sit amet, bibendum in lorem. Etiam aliquet convallis nibh at tempus. Proin gravida tincidunt egestas. Curabitur porta nibh ac enim semper, vitae pretium ante sollicitudin.","<div class=""product_desc-row"">\n<div class=""product_desc-img""><img class=""alignnone wp-image-5098 size-full"" src=""https://omens.la-studioweb.com/wp-content/uploads/2021/11/shop-single-3.jpg"" alt="""" width=""563"" height=""560"" /></div>\n<div class=""product_desc-desc"">\n<h4>Made with love</h4>\nVestibulum ante ipsum primis in faucibus orci luctus et ultrices posuere cubilia curae; Vivamus fringilla dui leo, nec convallis metusDonec accumsan auctor iaculis. Sed suscipit arcu ligula, at egestas magna molesti\n</div>\n</div>",,,taxable,,1,,,0,0,,,,,1,,,,"Fashion, Uncategorized","Boho, Dress, Fashion, Hot trend, Spring collection, Suite, Vintage",,https://omens.la-studioweb.com/wp-content/uploads/2021/11/product-11.jpg,,,,"REF. LA-3089, REF. LA-3083, REF. LA-3085",,,,,0,default,,,,,,,,,,,,,
5080,simple,"REF. LA-5080","Bird’s- Eye Blazer",1,0,visible,"<p>In elit risus, volutpat sed vestibulum sit amet, bibendum in lorem. Etiam aliquet convallis nibh at tempus.</p><p>Proin gravida tincidunt egestas. Curabitur porta nibh ac enim semper, vitae pretium ante sollicitudin.</p>","<div class=""product_desc-row"">\n<div class=""product_desc-img""><img loading=""lazy"" src=""https://omens.la-studioweb.com/wp-content/uploads/2021/09/shop-single-1.jpg"" alt="""" width=""600"" height=""612"" class=""alignnone size-full wp-image-4782""></div>\n<div class=""product_desc-desc"">\n<h4>Made with love</h4>\n<p>Vestibulum ante ipsum primis in faucibus orci luctus et ultrices posuere cubilia curae; Vivamus fringilla dui leo, nec convallis metusDonec accumsan auctor iaculis. Sed suscipit arcu ligula, at egestas magna molesti<br>\n<a href=""#"" class=""button"">Learn more</a>\n</p></div>\n</div>",,,taxable,,1,,,0,0,,,,,1,,,79.99,"Fashion, Uncategorized","Boho, Dress, Fashion, Hot trend, Spring collection, Suite, Vintage",,"https://omens.la-studioweb.com/wp-content/uploads/2021/11/product-13-1.jpg, https://omens.la-studioweb.com/wp-content/uploads/2021/11/product-13-2.jpg, https://omens.la-studioweb.com/wp-content/uploads/2021/11/product-13-5.jpg, https://omens.la-studioweb.com/wp-content/uploads/2021/11/product-13-4.jpg, https://omens.la-studioweb.com/wp-content/uploads/2021/11/product-13-3.jpg",,,,,,,,,0,default,,,,,,,,,,,,,
5086,simple,"REF. LA-5086","Textured Jacket With Lining",1,0,visible,"In elit risus, volutpat sed vestibulum sit amet, bibendum in lorem. Etiam aliquet convallis nibh at tempus. Proin gravida tincidunt egestas. Curabitur porta nibh ac enim semper, vitae pretium ante sollicitudin.","<div class=""product_desc-row"">\n<div class=""product_desc-img""><img class=""alignnone wp-image-5098 size-full"" src=""https://omens.la-studioweb.com/wp-content/uploads/2021/11/shop-single-3.jpg"" alt="""" width=""563"" height=""560"" /></div>\n<div class=""product_desc-desc"">\n<h4>Made with love</h4>\nVestibulum ante ipsum primis in faucibus orci luctus et ultrices posuere cubilia curae; Vivamus fringilla dui leo, nec convallis metusDonec accumsan auctor iaculis. Sed suscipit arcu ligula, at egestas magna molesti\n</div>\n</div>",,,taxable,,1,,,0,0,,,,,1,,,59.99,"Fashion, Uncategorized","Boho, Dress, Fashion, Hot trend, Spring collection, Suite, Vintage",,"https://omens.la-studioweb.com/wp-content/uploads/2021/11/product-14-1.jpg, https://omens.la-studioweb.com/wp-content/uploads/2021/11/product-14-2.jpg, https://omens.la-studioweb.com/wp-content/uploads/2021/11/product-14-4.jpg, https://omens.la-studioweb.com/wp-content/uploads/2021/11/product-14-3.jpg",,,,,,,,,0,default,,,,,,,,,,,,,
5091,variable,"REF. LA-5091","Playsuit With Golden Buttons",1,0,visible,"<p>In elit risus, volutpat sed vestibulum sit amet, bibendum in lorem. Etiam aliquet convallis nibh at tempus.</p><p>Proin gravida tincidunt egestas. Curabitur porta nibh ac enim semper, vitae pretium ante sollicitudin.</p>","<div class=""product_desc-row"">\n<div class=""product_desc-img""><img loading=""lazy"" src=""https://omens.la-studioweb.com/wp-content/uploads/2021/09/shop-single-1.jpg"" alt="""" width=""600"" height=""612"" class=""alignnone size-full wp-image-4782""></div>\n<div class=""product_desc-desc"">\n<h4>Made with love</h4>\n<p>Vestibulum ante ipsum primis in faucibus orci luctus et ultrices posuere cubilia curae; Vivamus fringilla dui leo, nec convallis metusDonec accumsan auctor iaculis. Sed suscipit arcu ligula, at egestas magna molesti<br>\n<a href=""#"" class=""button"">Learn more</a>\n</p></div>\n</div>",,,taxable,,1,,,0,0,,,,,1,,,,"Fashion, Uncategorized","Boho, Dress, Fashion, Hot trend, Spring collection, Suite, Vintage",,"https://omens.la-studioweb.com/wp-content/uploads/2021/11/product-15-1.jpg, https://omens.la-studioweb.com/wp-content/uploads/2021/11/product-15-2.jpg, https://omens.la-studioweb.com/wp-content/uploads/2021/11/product-15-5.jpg, https://omens.la-studioweb.com/wp-content/uploads/2021/11/product-15-4.jpg, https://omens.la-studioweb.com/wp-content/uploads/2021/11/product-15-3.jpg",,,,,,,,,0,default,,Color,"Black, Green, Pink, Purple, Red, White",1,1,Size,"L, M, S, XL, XXL",1,1,,,,
5099,variation,,"Playsuit With Golden Buttons",1,0,visible,,,,,taxable,parent,1,,,0,0,,,,,0,,,69.99,,,,,,,"REF. LA-5091",,,,,,0,,,Color,,,1,Size,,,1,,,,
